YEAR,MONTH,SERVICE_TYPE,AVG_TICKET
2015,1,green,14.73474245120238
2015,1,yellow,15.059278947701287
