PU_BOROUGH,P50_MIN,P90_MIN
Bronx,9.0,21.0
Brooklyn,11.000000000000004,25.99999999999999
EWR,1.0,28.0
Manhattan,9.999999999999995,21.93233256626277
N/A,7.000000000000001,25.0
Queens,17.9928684884437,41.000000000000014
Staten Island,15.0,45.80000000000001
Unknown,10.0,23.0
