PAYMENT_DESC,TRIPS,SHARE_TRIPS,AVG_TIP_PCT
Credit card,566583294,0.67179,0.2345934388672003
Cash,252776976,0.299714,9.41392155106321e-06
Flex Fare trip,15599957,0.018497,0.06309575555416481
No charge,3345707,0.003967,0.00043730764438627904
Dispute,3219324,0.003817,0.0005971116351730451
,1865157,0.002211,0.03976178143331217
Unknown,2486,3e-06,0.023067072948666334
