PAYMENT_DESC,TRIPS,SHARE_TRIPS,AVG_TIP_PCT
Credit card,8527026,0.602622,0.2360700277220629
Cash,5575271,0.394015,8.118200551551477e-06
No charge,32921,0.002327,0.00025395264426472636
Dispute,14608,0.001032,0.00018677873521725716
Unknown,53,4e-06,0.0
