RATE_DESC,SUM_DISTANCE,SUM_TOTAL
Standard rate,2107322931.3799999,13219032856.25
JFK,335174786.41999984,1339332244.14
,81212041.53999999,468042894.52000004
Newark,27785910.199999996,156850199.91000003
Negotiated fare,27256013.55,179892516.57999995
Nassau or Westchester,13640129.069999997,67799876.75999999
Null/unknown,9091975.639999999,40606562.43
Group ride,7532.039999999999,74377.20999999996
