PASSENGER_COUNT,TRIPS,AVG_TICKET,P50_TICKET
0,6574,13.063761788865229,10.3
1,10172525,15.02971462739094,11.148867394044997
2,1912313,15.266488446190555,11.300000000000011
3,560545,14.88561569543926,11.299999999999999
4,262248,14.845985441261707,11.299999999999999
5,757471,14.804336073592257,11.294667604630096
6,478114,14.602886633731707,11.011832006903218
7,27,16.408518518518516,8.3
8,53,10.60943396226415,8.0
9,9,75.04,98.3
