VENDOR_NAME,TRIPS,AVG_SPEED,AVG_DUR,P50_DUR,P90_DUR
"Curb Mobility, LLC",7771965,12.78052670266331,14.181348217600053,10.0,23.999999999999993
"Creative Mobile Technologies, LLC",6377914,12.42025693863292,12.310783274907752,10.0,23.000000000000007
