VENDOR_NAME,TRIPS,AVG_SPEED,AVG_DUR,P50_DUR,P90_DUR
"Curb Mobility, LLC",523897227,11.860912536999534,18.680598637717164,11.981953111630318,29.001086278603363
"Creative Mobile Technologies, LLC",318182675,11.366582043873947,14.385043865131877,11.000000000000007,28.000000000000007
,762104,10.676066298081112,14.30834899173866,11.000000000000002,28.000000000000004
Helix,290356,,0.0,0.0,0.0
Myle Technologies Inc,260539,10.36287867728486,32.78222454219905,32.7085450669052,60.0
